timestamp,temperature,humidity,speed,distance,co_ppm,no2_ppm,hc_ppm,nh3_ppm,pm_ppm,latitude,longtitude
45783,3541666667,30,83,0,276537126626072,0,83,32,0,08,5,8395,1,7,2,781,3556310,98653763
45783,354224537,30,01,82,95,0,0,83,32,0,08,5,7545,1,7,2,781,3556313,98653763
45783,3542824074,30,05,82,94,1,12,0,91,03,0,08,5,899,1,7,2,796,3556317,98653763
45783,3543402778,30,09,82,92,2,59,0,01,100,15,0,08,5,8633,1,7,2,772,3556317,98653763
45783,3543981481,30,12,82,89,4,5,0,01,117,89,0,1,5,9211,1,875,2,835,3556299,98653763
45783,3544560185,30,16,82,87,4,14,0,02,91,03,0,1,5,9075,1,875,2,802,3556296,98653755
45783,3545138889,30,2,82,84,4,23,0,02,100,15,0,1,5,984,1,875,2,805,3556278,98653770
45783,3545717593,30,22,82,81,6,72,0,03,91,03,0,1,5,9449,1,875,2,793,3556251,98653763
45783,3546296296,30,25,82,78,7,75,0,04,100,15,0,1,5,9449,1,875,2,835,3556265,98653748
45783,3546875,30,29,82,76,7,05,0,05,117,89,0,1,5,9619,2,125,2,781,3556252,98653740
45783,3547453704,30,33,82,72,7,97,0,06,235,77,0,1,6,0095,2,15,2,835,3556230,98653717
45783,3548032407,30,37,82,68,8,13,0,08,91,03,0,1,6,0316,2,2,2,835,3556221,98653725
45783,3548611111,30,42,82,65,7,75,0,09,100,15,0,1,5,967,2,175,2,838,3556207,98653732
45783,3549189815,30,46,82,63,8,01,0,1,117,89,0,1,6,0129,1,875,2,844,3556238,98653831
45783,3549768518,30,51,82,59,10,33,0,11,235,77,0,34,6,1132,1,875,2,832,3556220,98653778
45783,3550347222,30,52,82,56,9,95,0,13,235,77,0,34,6,0333,1,875,2,838,3556209,98653763
45783,3550925926,30,54,82,54,10,28,0,14,235,77,0,36,6,1472,1,875,2,817,3556213,98653763
45783,355150463,30,57,82,52,10,83,0,16,269,25,0,36,6,1863,1,875,2,85,3556276,98653793
45783,3552083333,30,6,82,48,12,32,0,17,254,71,0,36,6,1268,1,875,2,847,3556274,98653786
45783,3552662037,30,63,82,44,13,42,0,19,254,71,0,36,6,1421,1,875,2,838,3556280,98653778
45783,3553240741,30,65,82,4,14,04,0,21,235,77,0,36,6,3189,1,875,2,847,3556284,98653770
45783,3553819444,30,66,82,35,13,07,0,23,235,77,0,36,6,1472,1,875,2,847,3556283,98653770
45783,3554398148,30,71,82,31,11,99,0,24,235,77,0,36,6,1863,1,875,2,856,3556285,98653770
45783,3554976852,30,72,82,28,13,26,0,26,235,77,0,36,6,2033,1,875,2,874,3556288,98653763
45783,3555555556,30,75,82,23,12,91,0,28,235,77,0,36,6,1982,1,875,2,853,3556286,98653763
45783,3556134259,30,78,82,19,13,25,0,3,235,77,0,36,6,3087,1,875,2,85,3556284,98653755
45783,3556712963,30,82,82,17,14,49,0,32,235,77,0,36,6,239,1,875,2,841,3556282,98653748
45783,3557291667,30,86,82,16,14,44,0,34,249,25,0,36,5,9585,1,875,2,838,3556276,98653748
45783,355787037,30,91,82,11,11,44,0,36,269,25,0,36,6,0299,1,875,2,835,3556277,98653740
45783,3558449074,30,96,82,09,13,03,0,37,294,72,0,36,6,1574,1,875,2,853,3556286,98653740
45783,3559027778,31,82,06,13,73,0,39,304,72,0,36,6,1064,1,875,2,817,3556288,98653740
45783,3559606482,31,04,82,02,13,64,0,41,269,25,0,36,6,2696,1,875,2,844,3556290,98653740
45783,3560185185,31,07,82,01,12,79,0,43,235,77,0,36,6,2645,1,875,2,874,3556282,98653732
45783,3560763889,31,09,81,98,11,23,0,44,235,77,0,36,6,2917,1,875,2,844,3556277,98653732
45783,3561342593,31,13,81,96,10,54,0,46,235,77,0,34,6,3342,1,875,2,895,3556281,98653725
45783,3561921296,31,14,81,92,10,18,0,47,235,77,0,34,6,2764,1,875,2,895,3556283,98653717
45783,35625,31,16,81,89,10,49,0,49,235,77,0,34,6,2271,1,875,2,856,3556285,98653725
45783,3563078704,31,2,81,84,12,35,0,51,235,77,0,34,6,2832,1,875,2,901,3556279,98653717
45783,3563657407,31,22,81,8,13,04,0,52,249,25,0,34,6,3937,1,875,2,856,3556277,98653717
45783,3564236111,31,23,81,75,13,89,0,54,235,77,0,34,6,273,1,875,2,892,3556276,98653709
45783,3564814815,31,27,81,73,13,82,0,56,235,77,0,34,6,4124,1,875,2,868,3556280,98653717
45783,3565393519,31,29,81,72,12,66,0,58,235,77,0,34,6,273,1,875,2,895,3556284,98653732
45783,3565972222,31,32,81,68,13,35,0,6,252,23,0,34,6,4702,1,875,2,886,3556288,98653740
45783,3566550926,31,37,81,63,12,89,0,62,252,23,0,34,6,4685,1,875,2,883,3556292,98653748
45783,356712963,31,39,81,62,11,45,0,63,254,71,0,34,6,341,1,875,2,868,3556220,98653709
45783,3567708333,31,43,81,61,10,28,0,65,254,71,0,34,6,2798,1,875,2,847,3556223,98653687
45783,3568287037,31,46,81,57,11,59,0,66,254,71,0,34,6,0554,1,875,2,874,3556227,98653694
45783,3568865741,31,48,81,55,11,53,0,68,235,77,0,34,6,1166,1,875,2,874,3556230,98653687
45783,3569444444,31,53,81,5,9,34,0,69,235,77,0,36,6,1948,1,875,2,85,3556242,98653709
45783,3570023148,31,55,81,47,8,47,0,7,235,77,0,34,6,0809,1,875,2,856,3556260,98653709
45783,3570601852,31,59,81,44,7,24,0,71,235,77,0,36,6,1693,1,875,2,829,3556260,98653709
45783,3571180556,31,61,81,42,6,14,0,72,255,77,0,36,6,2271,1,875,2,883,3556270,98653717
45783,3571759259,31,66,81,38,5,02,0,73,235,77,0,36,6,358,2,025,2,892,3556272,98653717
45783,3572337963,31,68,81,36,2,41,0,73,269,25,0,36,6,3546,2,025,2,889,3556305,98653793
45783,3572916667,31,7,81,31,4,35,0,74,294,72,0,36,6,5042,2,025,2,895,3556300,98653793
45783,357349537,31,73,81,27,3,98,0,74,304,72,0,36,6,6181,2,025,2,904,3556266,98653778
45783,3574074074,31,75,81,24,2,97,0,75,269,25,0,36,6,6674,2,025,2,922,3556269,98653778
45783,3574652778,31,79,81,23,1,19,0,75,235,77,0,36,6,5382,2,025,2,904,3556305,98653763
45783,3575231481,31,82,81,22,1,51,0,75,222,23,0,36,6,426,2,025,2,859,3556329,98653770
45783,3575810185,31,85,81,18,2,41,0,76,252,23,0,36,6,5314,2,025,2,928,3556340,98653732
45783,3576388889,31,87,81,15,3,61,0,76,254,71,0,36,6,4566,2,025,2,898,3556367,98653755
45783,3576967593,31,9,81,11,1,21,0,76,254,71,0,34,6,6436,2,025,2,901,3556308,98653748
45783,3577546296,31,92,81,09,1,95,0,77,254,71,0,3,6,5331,2,475,2,922,3556284,98653748
45783,3578125,31,97,81,06,4,68,0,77,235,77,0,32,6,4634,2,25,2,886,3556288,98653748
45783,3578703704,32,01,81,01,6,98,0,78,235,77,0,34,6,5739,2,025,2,919,3556294,98653748
45783,3579282407,32,05,80,97,6,37,0,79,235,77,0,32,0,2,25,2,907,3556310,98653755
45783,3579861111,32,07,80,94,7,41,0,8,235,77,0,3,6,6793,2,475,2,922,3556323,98653748
45783,3580439815,32,09,80,9,5,11,0,81,255,77,0,32,6,6453,2,475,2,943,3556321,98653748
45783,3581018519,32,13,80,87,3,33,0,81,235,77,0,34,6,7626,2,25,2,928,3556344,98653763
45783,3581597222,32,15,80,83,4,87,0,82,269,25,0,34,6,7473,2,025,2,931,3556352,98653755
45783,3582175926,32,19,80,82,6,63,0,83,294,72,0,34,6,7252,2,025,2,931,3556354,98653755
45783,358275463,32,21,80,8,5,9,0,84,304,72,0,34,6,6895,2,025,2,907,3556365,98653763
45783,3583333333,32,22,80,78,8,63,0,85,269,25,0,34,6,5297,2,025,2,904,3556395,98653709
45783,3583912037,32,25,80,73,8,08,0,86,235,77,0,34,6,4549,2,025,2,901,3556369,98653702
45783,3584490741,32,28,80,69,8,34,0,87,269,25,0,34,6,3563,2,025,2,913,3556391,98653709
45783,3585069445,32,31,80,66,8,78,0,88,294,72,0,34,6,4107,2,025,2,895,3556369,98653717
45783,3585648148,32,35,80,64,9,87,0,9,304,72,0,34,6,5467,2,025,2,913,3556332,98653732
45783,3586226852,32,39,80,6,7,75,0,91,269,25,0,36,6,6147,2,025,2,931,3556303,98653732
45783,3586805556,32,41,80,58,7,56,0,92,295,77,0,36,6,6351,2,025,2,934,3556295,98653732
45783,3587384259,32,45,80,54,8,62,0,93,252,23,0,36,6,6113,2,025,2,922,3556303,98653732
45783,3587962963,32,49,80,49,10,47,0,95,254,71,0,36,6,7983,2,025,2,907,3556314,98653748
45783,3588541667,32,54,80,45,9,51,0,96,254,71,0,36,6,7303,2,025,2,961,3556610,98652924
45783,358912037,32,58,80,44,8,69,0,97,254,71,0,34,6,7235,2,025,2,949,3557059,98652916
45783,3589699074,32,62,80,39,11,69,0,99,269,25,0,34,6,7439,2,025,2,934,3557053,98652916
45783,3590277778,32,66,80,36,12,29,1,294,72,0,36,6,8918,2,025,2,952,3557048,98652916
45783,3590856482,32,68,80,33,13,4,1,02,304,72,0,34,6,902,2,025,2,985,3557127,98652924
45783,3591435185,32,7,80,3,13,19,1,04,269,25,0,34,6,9904,2,025,2,958,3557510,98652954
45783,3592013889,32,71,80,27,14,4,1,06,295,77,0,34,7,038,2,025,2,985,3558015,98652977
45783,3592592593,32,72,80,26,13,09,1,08,252,23,0,36,7,0567,2,025,2,97,3558547,98652977
45783,3593171296,32,77,80,21,13,48,1,1,254,71,0,36,7,1672,2,025,2,997,3559538,98653053
45783,359375,32,81,80,2,11,67,1,11,254,71,0,36,7,1723,2,025,3,003,3560076,98652847
45783,3594328704,32,83,80,15,13,89,1,13,254,71,0,36,7,0754,2,025,2,997,3560477,98652855
45783,3594907407,32,86,80,11,12,84,1,15,269,25,0,36,7,1349,2,025,3,024,3560714,98652969
45783,3595486111,32,88,80,08,14,33,1,17,254,71,0,36,7,1621,2,025,3,006,3561153,98653015
45783,3596064815,32,9,80,07,13,55,1,19,235,77,0,36,7,2335,2,025,2,976,3561618,98653030
45783,3596643518,32,95,80,03,13,9,1,21,235,77,0,34,7,1587,2,025,2,979,3562094,98653046
45783,3597222222,32,99,80,01,16,83,1,23,235,77,0,34,7,1383,2,025,2,988,3562336,98653053
45783,3597800926,33,02,79,97,17,7,1,26,235,77,0,36,7,1247,2,025,2,985,3562952,98653091
45783,359837963,33,05,79,95,16,34,1,28,219,25,0,36,7,1077,2,025,3,015,3562946,98653152
45783,3598958333,33,1,79,91,15,56,1,3,269,25,0,36,7,1128,2,025,2,991,3562673,98653122
45783,3599537037,33,13,79,9,17,58,1,33,294,72,0,36,7,0023,2,025,2,985,3562652,98653114
45783,3600115741,33,15,79,87,20,51,1,35,304,72,0,34,7,1553,2,025,2,997,3562660,98653114
45783,3600694444,33,19,79,83,21,8,1,38,269,25,0,36,7,3168,2,025,3,027,3562662,98653122
45783,3601273148,33,21,79,79,22,2,1,42,235,77,0,36,7,2811,2,025,3,006,3562660,98653107
45783,3601851852,33,26,79,76,21,57,1,44,254,71,0,34,7,3015,2,025,3,03,3562661,98653099
45783,3602430555,33,27,79,73,20,37,1,47,254,71,0,34,7,0975,2,025,2,985,3562665,98653099
45783,3603009259,33,32,79,7,21,25,1,5,269,25,0,36,7,0958,2,025,2,979,3562667,98653099
45783,3603587963,33,34,79,66,20,21,1,53,294,72,0,34,7,2012,2,025,2,994,3562666,98653099
45783,3604166667,33,36,79,62,21,72,1,56,304,72,0,36,7,2828,2,025,3,018,3562662,98653091
45783,360474537,33,38,79,61,21,98,1,59,269,25,0,36,7,1315,2,025,2,988,3562653,98653122
45783,3605324074,33,39,79,58,20,11,1,62,295,77,0,36,7,2301,2,025,3,03,3562655,98653130
45783,3605902778,33,44,79,56,20,25,1,65,252,23,0,36,7,2369,2,025,3,003,3562673,98653137
45783,3606481481,33,49,79,53,20,1,1,68,254,71,0,36,7,1774,2,025,3,003,3562683,98653137
45783,3607060185,33,53,79,5,18,37,1,7,254,71,0,36,7,1485,2,025,3,3562628,98653137
45783,3607638889,33,56,79,45,20,04,1,73,254,71,0,36,7,1672,2,025,2,982,3562530,98653168
45783,3608217593,33,6,79,42,22,03,1,76,235,77,0,36,7,225,2,025,3,018,3562523,98653282
45783,3608796296,33,64,79,37,22,89,1,79,235,77,0,36,7,2199,2,025,2,994,3562420,98653671
45783,3609375,33,67,79,34,22,05,1,82,235,77,0,36,7,1094,2,025,3,3562422,98653923
45783,3609953704,33,71,79,32,20,03,1,85,235,77,0,34,7,0754,2,025,3,018,3562424,98654297
45783,3610532407,33,75,79,28,18,14,1,88,255,77,0,36,7,2709,2,025,3,036,3562402,98654900
45783,3611111111,33,77,79,25,16,88,1,9,235,77,0,34,7,1808,2,025,3,3562443,98655441
45783,3611689815,33,82,79,23,15,43,1,92,269,25,0,34,6,9615,2,025,2,955,3562909,98656471
45783,3612268519,33,85,79,2,14,66,1,94,294,72,0,34,7,1264,2,025,3,018,3562873,98656548
45783,3612847222,33,9,79,17,14,6,1,96,304,72,0,34,7,1706,2,025,3,009,3562822,98656799
45783,3613425926,33,93,79,15,14,38,1,98,269,25,0,34,7,2573,2,025,3,045,3562825,98657082
45783,361400463,33,97,79,12,13,12,2,235,77,0,36,7,4953,2,025,3,033,3562828,98657349
45783,3614583333,34,79,07,13,51,2,02,252,23,0,36,7,3525,2,025,3,024,3562845,98657539
45783,3615162037,34,04,79,04,12,95,2,04,254,71,0,34,7,5616,2,025,3,036,3562833,98657784
45783,3615740741,34,08,78,99,13,21,2,05,254,71,0,36,7,4936,2,025,3,045,3562867,98658897
45783,3616319444,34,12,78,96,14,75,2,07,254,71,0,36,7,5718,2,025,3,078,3562867,98658897
45783,3616898148,34,14,78,93,14,84,2,1,269,25,0,34,7,4715,2,025,3,039,3562896,98659462
45783,3617476852,34,17,78,9,16,95,2,12,294,72,0,34,7,3423,2,025,3,021,3562923,98660042
45783,3618055556,34,2,78,86,15,81,2,14,304,72,0,34,7,2573,2,025,3,036,3562738,98660225
45783,3618634259,34,22,78,84,15,58,2,16,269,25,0,34,7,1944,2,025,3,021,3562400,98660271
45783,3619212963,34,24,78,82,14,67,2,18,235,77,0,34,7,3151,2,025,3,036,3561716,98660332
45783,3619791667,34,28,78,79,16,35,2,21,235,77,0,34,7,4324,2,025,3,045,3561420,98660347
45783,362037037,34,29,78,77,16,48,2,23,219,25,0,34,7,3542,2,025,3,03,3560853,98660355
45783,3620949074,34,32,78,72,18,48,2,26,269,25,0,34,7,3083,2,025,3,054,3559823,98660431
45783,3621527778,34,35,78,67,16,15,2,28,294,72,0,34,7,5123,2,025,3,057,3559181,98660423
45783,3622106481,34,36,78,65,17,23,2,3,304,72,0,34,7,4256,2,025,3,039,3558680,98660461
45783,3622685185,34,38,78,6,17,27,2,33,269,25,0,34,7,5157,2,025,3,045,3558443,98660469
45783,3623263889,34,4,78,58,16,52,2,35,295,77,0,34,7,565,2,025,3,027,3558233,98660477
45783,3623842593,34,42,78,55,16,12,2,37,252,23,0,34,7,5735,2,025,3,072,3557599,98660500
45783,3624421296,34,45,78,51,17,4,2,39,254,71,0,34,7,4579,2,025,3,072,3556912,98660522
45783,3625,34,48,78,46,14,4,2,41,254,71,0,34,7,4307,2,025,3,036,3556482,98660255
45783,3625578704,34,51,78,42,14,37,2,43,254,71,0,34,7,5327,2,025,3,045,3556476,98659302
45783,3626157407,34,54,78,37,15,14,2,46,235,77,0,34,7,4647,2,025,3,066,3556466,98658615
45783,3626736111,34,55,78,33,16,36,2,48,269,25,0,34,7,3933,2,025,3,039,3556449,98657951
45783,3627314815,34,58,78,31,19,27,2,5,294,72,0,34,7,4137,2,025,3,027,3556465,98657349
45783,3627893518,34,59,78,3,22,27,2,54,304,72,0,34,7,2777,2,025,3,018,3556463,98656624
45783,3628472222,34,63,78,26,24,8,2,57,269,25,0,34,7,2301,2,025,3,021,3556448,98656281
45783,3629050926,34,66,78,22,25,03,2,6,295,77,0,34,7,2794,2,025,3,051,3556447,98655510
45783,362962963,34,7,78,19,24,28,2,64,252,23,0,34,7,3066,2,025,3,045,3556466,98654793
45783,3630208333,34,72,78,15,27,28,2,68,254,71,0,34,7,1893,2,025,3,027,3556463,98654228
45783,3630787037,34,74,78,14,28,79,2,72,254,71,0,34,7,3015,2,025,3,048,3556444,98653107
45783,3631365741,34,77,78,12,31,05,2,76,254,71,0,34,7,4698,2,025,3,051,3556738,98652969
45783,3631944444,34,8,78,09,34,05,2,81,235,77,0,34,7,5259,2,025,3,042,3557306,98652969
45783,3632523148,34,84,78,07,35,53,2,86,235,77,0,34,7,3457,2,025,3,033,3557981,98652985
45783,3633101852,34,87,78,03,33,88,2,9,235,77,0,34,7,4579,2,025,3,066,3558482,98652985
45783,3633680556,34,92,77,99,32,54,2,95,255,77,0,34,7,3916,2,025,3,051,3559006,98652992
45783,3634259259,34,95,77,97,35,49,3,235,77,0,34,7,3168,2,025,3,012,3559290,98653030
45783,3634837963,34,96,77,92,32,79,3,04,219,25,0,34,7,4834,2,025,3,069,3559823,98653076
45783,3635416667,34,99,77,89,35,79,3,09,269,25,0,34,7,4018,2,025,3,06,3560692,98653107
45783,363599537,35,01,77,86,37,45,3,14,294,72,0,36,7,5327,2,025,3,063,3561113,98653099
45783,3636574074,35,05,77,84,36,48,3,2,304,72,0,34,7,5106,2,025,3,063,3561651,98653130
45783,3637152778,35,09,77,8,36,12,3,25,269,25,0,36,7,3899,2,025,3,033,3562450,98653305
45783,3637731482,35,11,77,75,34,8,3,29,295,77,0,36,7,4987,2,025,3,03,3562459,98653496
45783,3638310185,35,14,77,72,35,95,3,34,252,23,0,34,7,5276,2,025,3,048,3562504,98653854
45783,3638888889,35,17,77,69,35,16,3,39,254,71,0,34,7,446,2,025,3,057,3562485,98654259
45783,3639467593,35,19,77,67,34,06,3,44,254,71,0,34,7,3338,2,025,3,051,3562487,98654472
45783,3640046296,35,23,77,64,34,26,3,49,254,71,0,34,7,3134,2,025,3,039,3562473,98655266
45783,3640625,35,28,77,59,31,26,3,53,235,77,0,34,7,242,2,025,3,033,3562488,98655701
45783,3641203704,35,29,77,55,31,45,3,58,235,77,0,34,7,5072,2,025,3,051,3562564,98655891
45783,3641782407,35,33,77,53,32,16,3,62,235,77,0,34,7,3933,2,025,3,045,3562799,98656227
45783,3642361111,35,37,77,5,,3,66,235,77,0,34,7,2998,2,025,3,048,3562807,98656693
45783,3642939815,35,38,77,45,31,6,3,71,235,77,0,34,7,3882,2,025,3,009,3562809,98657097
45783,3643518519,35,41,77,4,32,47,3,75,219,25,0,34,7,2284,2,025,2,991,3562810,98657303
45783,3644097222,35,43,77,39,33,3,8,204,72,0,34,7,3899,2,025,3,051,3562834,98657539
45783,3644675926,35,47,77,36,32,47,3,84,219,25,0,34,7,3049,2,025,3,03,3562844,98657761
45783,364525463,35,49,77,33,34,19,3,89,219,25,0,34,7,2539,2,025,3,057,3562857,98658218
45783,3645833333,35,52,77,29,34,56,3,94,222,23,0,34,7,1995,2,025,3,048,3562894,98658676
45783,3646412037,35,57,77,24,36,09,3,99,252,23,0,34,7,2675,2,025,3,057,3562911,98659073
45783,3646990741,35,62,77,23,36,83,4,04,254,71,0,34,7,2148,2,025,3,054,3562939,98659637
45783,3647569444,35,64,77,2,37,36,4,09,254,71,0,36,7,1587,2,025,3,021,3562909,98659950
45783,3648148148,35,69,77,15,36,37,4,14,254,71,0,34,7,2403,2,025,3,045,3562878,98660095
45783,3648726852,35,72,77,11,37,2,4,19,235,77,0,34,7,3032,2,025,3,009,3562634,98660217
45783,3649305556,35,75,77,1,38,12,4,25,235,77,0,34,7,1247,2,025,3,024,3562590,98660248
45783,3649884259,35,76,77,08,37,68,4,3,235,77,0,34,7,1128,2,025,3,006,3562767,98660278
45783,3650462963,35,78,77,06,37,12,4,35,235,77,0,34,6,9989,2,025,3,015,3562971,98660263
45783,3651041667,35,8,77,04,35,51,4,4,235,77,0,36,7,0295,2,025,3,036,3563026,98660110
45783,365162037,35,83,77,36,18,4,45,219,25,0,36,7,1638,2,025,3,009,3563018,98659981
45783,3652199074,35,84,76,96,37,4,4,5,219,25,0,34,7,0567,2,025,3,033,3563009,98659752
45783,3652777778,35,89,76,93,36,6,4,55,235,77,0,34,7,1808,2,025,3,006,3563003,98659462
45783,3653356481,35,94,76,89,36,68,4,6,235,77,0,34,7,2573,2,025,3,054,3563007,98658943
45783,3653935185,35,95,76,86,36,33,4,65,219,25,0,34,7,1927,2,025,3,027,3563005,98658699
45783,3654513889,35,98,76,82,37,62,4,7,235,77,0,34,7,1621,2,025,3,045,3563008,98658401
45783,3655092593,36,02,76,77,34,77,4,75,235,77,0,36,7,1468,2,025,3,042,3563006,98658180
45783,3655671296,36,07,76,75,36,3,4,8,219,25,0,34,7,089,2,025,3,021,3563008,98657959
45783,365625,36,09,76,73,35,73,4,85,235,77,0,36,7,0669,2,025,3,015,3563007,98657608
45783,3656828704,36,1,76,69,37,41,4,9,235,77,0,34,6,9819,2,025,3,009,3563007,98657608
45783,3657407407,36,13,76,65,36,33,4,96,235,77,0,36,6,8884,2,025,3,027,3563001,98657364
45783,3657986111,36,17,76,63,37,52,5,01,235,77,0,36,6,9003,2,025,3,003,3562998,98657242
45783,3658564815,36,19,76,58,40,5,06,219,25,0,36,6,9479,2,025,3,06,3563004,98657028
45783,3659143519,36,23,76,56,40,5,12,219,25,0,36,6,9326,2,025,2,994,3562989,98656677
45783,3659722222,36,24,76,55,39,66,5,17,219,25,0,36,6,9224,2,025,3,018,3562990,98656425
45783,3660300926,36,26,76,51,36,79,5,22,219,25,0,36,6,8646,2,025,3,3562965,98656265
45783,366087963,36,29,76,49,37,89,5,28,219,25,0,36,6,7932,1,85,0,3562886,98656158
45783,3661458333,36,31,76,47,40,5,33,219,25,0,36,6,715,2,025,2,985,3562703,98656082
45783,3662037037,36,32,76,45,40,5,39,219,25,0,36,6,8051,2,025,2,988,3562695,98655960
45783,3662615741,36,35,76,41,37,79,5,44,219,25,0,36,6,5909,1,85,2,988,3562681,98655647
45783,3663194445,36,39,76,36,38,52,5,5,219,25,0,36,6,4974,2,025,2,985,3562666,98655136
45783,3663773148,36,4,76,32,39,64,5,55,219,25,0,36,6,6079,1,85,2,958,3562660,98654930
45783,3664351852,36,42,76,29,40,5,61,219,25,0,36,6,6028,1,85,2,955,3562646,98654716
45783,3664930556,36,46,76,27,38,09,5,66,219,25,0,36,6,6147,1,85,3,009,3556310,98653763
45783,3665509259,36,47,76,23,38,79,5,71,219,25,0,36,6,6351,2,025,2,985,3556313,98653763
45783,3666087963,36,5,76,21,39,48,5,77,219,25,0,36,6,528,2,025,2,973,3556317,98653763
45783,3666666667,36,54,76,19,40,5,82,219,25,0,36,6,5263,1,85,2,94,3556317,98653763
45783,366724537,36,58,76,15,39,93,5,88,219,25,0,36,6,4192,2,025,2,964,3556299,98653763
45783,3667824074,36,61,76,13,40,5,94,219,25,0,36,6,1965,2,025,2,913,3556296,98653755
45783,3668402778,36,62,76,09,39,14,5,99,219,25,0,36,6,3971,1,85,2,943,3556278,98653770
45783,3668981482,36,63,76,05,40,6,05,219,25,0,36,6,3903,2,025,2,97,3556251,98653763
45783,3669560185,36,66,76,03,39,02,6,1,219,25,0,36,6,5127,2,025,2,991,3556265,98653748
45783,3670138889,36,7,76,40,6,16,254,71,0,34,6,5433,2,025,2,997,3556252,98653740
45783,3670717593,36,72,75,97,39,73,6,21,254,71,0,34,6,4923,2,025,2,946,3556230,98653717
45783,3671296296,36,75,75,93,40,6,27,219,25,0,36,6,5977,1,7,2,934,3556221,98653725
45783,3671875,36,77,75,9,39,39,6,32,180,38,0,46,6,5756,1,35,2,973,3556207,98653732
45783,3672453704,36,79,75,87,39,98,6,38,254,71,0,32,6,6147,2,25,3,3556238,98653831
45783,3673032407,36,83,75,84,37,23,6,43,219,25,0,36,6,5603,1,85,2,964,3556220,98653778
45783,3673611111,36,86,75,81,39,42,6,48,235,77,0,34,6,6266,1,85,3,003,3556209,98653763
45783,3674189815,36,89,75,77,37,73,6,54,235,77,0,34,6,6793,1,85,3,3556213,98653763
45783,3674768518,36,92,75,76,39,68,6,59,235,77,0,36,6,5382,2,025,2,958,3556276,98653793
45783,3675347222,36,97,75,71,40,6,65,235,77,0,34,6,494,2,025,2,991,3556274,98653786
45783,3675925926,37,01,75,69,40,6,7,235,77,0,34,6,6249,2,025,2,97,3556280,98653778
45783,367650463,37,04,75,65,40,6,76,235,77,0,34,6,6436,2,025,2,985,3556284,98653770
45783,3677083333,37,07,75,61,39,8,6,82,235,77,0,34,6,6453,2,025,3,009,3556283,98653770
45783,3677662037,37,11,75,59,40,6,87,235,77,0,34,6,5994,2,025,2,991,3556285,98653770
45783,3678240741,37,16,75,55,40,6,93,219,25,0,36,6,6419,2,025,2,961,3556288,98653763
45783,3678819444,37,18,75,5,40,6,98,235,77,0,36,6,5161,2,025,2,985,3556286,98653763
45783,3679398148,37,23,75,46,39,25,7,04,219,25,0,34,6,5824,2,025,2,949,3556284,98653755
45783,3679976852,37,26,75,43,40,7,09,219,25,0,36,6,6045,2,025,2,97,3556282,98653748
45783,3680555555,37,29,75,41,40,7,15,219,25,0,36,6,5501,2,025,2,991,3556276,98653748
45783,3681134259,37,3,75,38,38,5,7,2,219,25,0,34,6,5467,2,025,2,955,3556277,98653740
45783,3681712963,37,34,75,33,40,7,26,219,25,0,34,6,579,2,025,3,012,3556286,98653740
45783,3682291667,37,37,75,28,40,7,32,219,25,0,34,6,7031,2,025,3,012,3556288,98653740
45783,368287037,37,4,75,24,40,7,37,235,77,0,34,6,7779,2,025,3,027,3556290,98653740
45783,3683449074,37,43,75,22,40,7,43,235,77,0,34,6,8561,2,025,3,036,3556282,98653732
45783,3684027778,37,45,75,2,37,5,7,48,235,77,0,34,6,9156,2,025,3,027,3556277,98653732
45783,3684606481,37,47,75,16,36,38,7,53,235,77,0,34,6,8884,2,025,3,006,3556281,98653725
45783,3685185185,37,51,75,12,35,63,7,58,235,77,0,34,6,8323,2,025,3,006,3556283,98653717
45783,3685763889,37,55,75,11,34,78,7,63,235,77,0,34,6,868,2,025,3,048,3556285,98653725
45783,3686342593,37,58,75,06,36,62,7,68,235,77,0,34,6,8884,2,025,3,057,3556279,98653717
45783,3686921296,37,62,75,02,37,7,73,235,77,0,34,7,0057,2,025,3,03,3556277,98653717
45783,36875,37,64,74,97,35,39,7,78,235,77,0,34,7,0669,2,025,3,021,3556276,98653709
45783,3688078704,37,68,74,96,34,35,7,83,235,77,0,34,7,0431,2,025,3,075,3556280,98653717
45783,3688657407,37,71,74,92,34,73,7,87,235,77,0,34,7,1111,2,025,3,045,3556284,98653732
45783,3689236111,37,76,74,87,36,66,7,92,235,77,0,34,6,8901,2,025,3,066,3556288,98653740
45783,3689814815,37,79,74,84,35,32,7,97,219,25,0,34,7,1502,2,025,3,045,3556292,98653748
45783,3690393519,37,83,74,79,35,69,8,02,235,77,0,34,7,1009,2,025,3,051,3556220,98653709
45783,3690972222,37,86,74,76,34,86,8,07,235,77,0,34,7,1349,2,025,3,072,3556223,98653687
45783,3691550926,37,89,74,73,35,83,8,12,235,77,0,34,7,3559,2,025,3,06,3556227,98653694
45783,369212963,37,91,74,72,37,19,8,17,235,77,0,34,7,2505,2,025,3,081,3556230,98653687
45783,3692708333,37,92,74,7,37,16,8,23,219,25,0,34,7,2063,2,025,3,063,3556242,98653709
45783,3693287037,37,95,74,66,35,79,8,28,219,25,0,34,7,2386,2,025,3,066,3556260,98653709
45783,3693865741,37,98,74,62,38,35,8,33,235,77,0,34,7,2811,2,025,3,111,3556260,98653709
45783,3694444444,38,01,74,61,36,25,8,38,219,25,0,34,7,1349,2,025,3,063,3556270,98653717
45783,3695023148,38,03,74,57,39,25,8,43,219,25,0,34,7,1689,2,025,3,015,3556272,98653717
45783,3695601852,38,06,74,53,38,38,8,49,235,77,0,34,7,0958,2,025,3,054,3556305,98653793
45783,3696180556,38,07,74,5,39,83,8,54,235,77,0,34,7,0431,2,025,3,057,3556300,98653793
45783,3696759259,38,11,74,47,,8,6,235,77,0,34,7,2488,2,025,3,075,3556266,98653778
45783,3697337963,38,15,74,43,37,95,8,65,235,77,0,34,7,2369,2,025,3,111,3556269,98653778
45783,3697916667,38,2,74,38,38,85,8,7,235,77,0,34,7,2505,2,025,3,078,3556305,98653763
45783,369849537,38,23,74,34,38,76,8,76,235,77,0,34,7,0839,2,025,3,048,3556329,98653770
45783,3699074074,38,25,74,3,40,8,82,235,77,0,34,7,0244,2,025,3,036,3556340,98653732
45783,3699652778,38,29,74,26,38,88,8,87,235,77,0,34,7,0346,2,025,3,054,3556367,98653755
45783,3700231481,38,32,74,24,37,04,8,92,219,25,0,36,7,0176,2,025,3,036,3556308,98653748
45783,3700810185,38,36,74,23,36,23,8,97,219,25,0,34,7,0074,2,025,3,024,3556284,98653748
45783,3701388889,38,37,74,2,35,28,9,02,219,25,0,36,6,9292,2,025,3,03,3556288,98653748
45783,3701967593,38,4,74,16,34,7,9,07,235,77,0,36,7,1111,2,025,3,066,3556294,98653748
45783,3702546296,38,44,74,13,33,51,9,11,219,25,0,34,7,1876,2,025,3,051,3556310,98653755
45783,3703125,38,48,74,12,33,13,9,16,235,77,0,34,7,3066,2,025,3,069,3556323,98653748
45783,3703703704,38,53,74,09,33,22,9,21,235,77,0,34,7,1587,2,025,3,081,3556321,98653748
45783,3704282407,38,55,74,08,33,64,9,25,235,77,0,34,7,157,2,025,3,063,3556344,98653763
45783,3704861111,38,59,74,06,31,05,9,3,235,77,0,34,7,0465,2,025,3,051,3556352,98653755
45783,3705439815,38,6,74,03,31,9,9,34,235,77,0,34,7,2046,2,025,3,072,3556354,98653755
45783,3706018518,38,64,73,99,31,32,9,38,235,77,0,34,7,1043,2,025,3,081,3556365,98653763
45783,3706597222,38,69,73,95,33,04,9,43,235,77,0,34,7,0499,2,025,3,048,3556395,98653709
45783,3707175926,38,72,73,9,32,16,9,47,219,25,0,34,7,0278,2,025,3,057,3556369,98653702
45783,370775463,38,74,73,89,33,59,9,52,219,25,0,34,6,9462,2,025,3,072,3556391,98653709
45783,3708333333,38,79,73,84,31,72,9,56,219,25,0,34,7,0499,2,025,3,066,3556369,98653717
45783,3708912037,38,81,73,8,32,44,9,61,219,25,0,34,7,2029,2,025,3,069,3556332,98653732
45783,3709490741,38,82,73,77,31,69,9,65,219,25,0,34,7,3797,2,025,3,09,3556303,98653732
45783,3710069444,38,84,73,73,29,57,9,7,219,25,0,34,7,3848,2,025,3,105,3556295,98653732
45783,3710648148,38,88,73,7,28,48,9,74,219,25,0,34,7,3831,2,025,3,102,3556303,98653732
45783,3711226852,38,91,73,67,26,5,9,77,219,25,0,34,7,4103,2,025,3,102,3556314,98653748
45783,3711805556,38,95,73,65,26,71,9,81,219,25,0,36,7,3695,2,025,3,105,3556610,98652924
45783,3712384259,38,97,73,6,28,32,9,85,219,25,0,34,7,4409,2,025,3,048,3557059,98652916
45783,3712962963,39,73,57,29,96,9,89,219,25,0,34,7,3695,2,025,3,06,3557053,98652916
45783,3713541667,39,04,73,54,27,31,9,93,219,25,0,34,7,3695,2,025,3,087,3557048,98652916
45783,371412037,39,07,73,53,27,54,9,97,219,25,0,34,7,3916,2,025,3,108,3557127,98652924
45783,3714699074,39,11,73,49,26,6,10,219,25,0,34,7,4681,2,025,3,099,3557510,98652954
45783,3715277778,39,12,73,45,26,95,10,04,219,25,0,36,7,4409,2,025,3,153,3558015,98652977
45783,3715856482,39,16,73,44,24,69,10,07,219,25,0,36,7,3304,2,025,3,12,3558547,98652977
45783,3716435185,39,19,73,41,23,03,10,11,219,25,0,34,7,3525,2,025,3,09,3559538,98653053
45783,3717013889,39,21,73,38,23,33,10,14,235,77,0,34,7,1672,2,025,3,054,3560076,98652847
45783,3717592593,39,25,73,36,22,91,10,17,235,77,0,34,7,1859,2,025,3,093,3560477,98652855
45783,3718171296,39,28,73,35,24,05,10,2,219,25,0,34,7,2199,2,025,3,075,3560714,98652969
45783,371875,39,33,73,32,21,15,10,23,235,77,0,34,7,2284,2,025,3,078,3561153,98653015
45783,3719328704,39,36,73,29,20,39,10,26,235,77,0,36,7,1757,2,025,3,102,3561618,98653030
45783,3719907407,39,38,73,26,18,53,10,29,219,25,0,34,7,4222,2,025,3,09,3562094,98653046
45783,3720486111,39,42,73,25,19,10,31,235,77,0,36,7,242,2,025,3,105,3562336,98653053
45783,3721064815,39,43,73,23,18,64,10,34,235,77,0,34,7,2029,2,025,3,093,3562952,98653091
45783,3721643519,39,45,73,2,20,79,10,37,235,77,0,36,7,2794,2,025,3,087,3562946,98653152
45783,3722222222,39,49,73,15,23,7,10,4,235,77,0,36,7,1298,2,025,3,09,3562673,98653122
45783,3722800926,39,52,73,13,22,6,10,43,219,25,0,36,7,344,2,025,3,099,3562652,98653114
45783,372337963,39,56,73,1,21,29,10,46,219,25,0,36,7,2794,2,025,0,3562660,98653114
45783,3723958333,39,6,73,06,18,75,10,49,219,25,0,36,7,3984,2,025,3,129,3562662,98653122
45783,3724537037,39,64,73,02,20,07,10,52,219,25,0,36,7,429,2,025,3,093,3562660,98653107
45783,3725115741,39,65,72,98,22,63,10,55,219,25,0,36,7,31,1,85,3,093,3562661,98653099
45783,3725694444,39,68,72,94,19,63,10,57,219,25,0,36,7,0975,2,025,3,093,3562665,98653099
45783,3726273148,39,71,72,89,19,72,10,6,219,25,0,36,7,1995,2,025,3,099,3562667,98653099
45783,3726851852,39,74,72,88,20,58,10,63,219,25,0,36,7,2862,1,85,3,105,3562666,98653099
45783,3727430556,39,76,72,86,21,28,10,66,219,25,0,36,7,3559,2,025,3,108,3562662,98653091
45783,3728009259,39,77,72,83,21,66,10,69,219,25,0,36,7,2692,1,85,3,123,3562653,98653122
45783,3728587963,39,79,72,81,23,24,10,72,219,25,0,36,7,0873,1,85,3,084,3562655,98653130
45783,3729166667,39,83,72,77,22,72,10,75,219,25,0,36,7,0618,1,85,3,063,3562673,98653137
45783,372974537,39,88,72,74,22,67,10,78,219,25,0,36,7,1026,2,025,3,093,3562683,98653137
45783,3730324074,39,92,72,7,24,65,10,82,219,25,0,36,7,1536,2,025,3,099,3562628,98653137
45783,3730902778,39,96,72,68,25,01,10,85,219,25,0,36,7,2862,1,85,3,096,3562530,98653168
45783,3731481481,39,99,72,64,24,87,10,89,219,25,0,36,7,106,2,025,3,093,3562523,98653282
45783,3732060185,40,02,72,59,24,48,10,92,219,25,0,36,7,157,2,025,3,114,3562420,98653671
45783,3732638889,40,03,72,55,26,89,10,96,219,25,0,36,7,2658,1,85,3,126,3562422,98653923
45783,3733217593,40,05,72,53,26,58,11,219,25,0,36,7,2369,2,025,3,111,3562424,98654297
45783,3733796296,40,07,72,51,25,31,11,03,219,25,0,36,7,1094,2,025,3,075,3562402,98654900
45783,3734375,40,09,72,48,24,51,11,06,254,71,0,34,7,1519,2,025,3,126,3562443,98655441
45783,3734953704,40,11,72,44,23,63,11,1,254,71,0,34,7,0856,2,025,3,081,3562909,98656471
45783,3735532407,40,14,72,43,22,04,11,13,219,25,0,36,7,0686,1,7,3,12,3562873,98656548
45783,3736111111,40,17,72,39,25,04,11,16,180,38,0,46,7,0873,1,35,3,087,3562822,98656799
45783,3736689815,40,2,72,35,27,67,11,2,254,71,0,32,6,8986,2,25,3,072,3562825,98657082
45783,3737268519,40,25,72,32,27,62,11,24,219,25,0,36,7,0448,1,85,3,063,3562828,98657349
45783,3737847222,40,3,72,31,28,57,11,28,235,77,0,34,6,8918,1,85,3,054,3562845,98657539
45783,3738425926,40,33,72,26,28,91,11,32,235,77,0,34,6,9989,1,85,3,048,3562833,98657784
45783,373900463,40,37,72,22,28,2,11,36,235,77,0,36,6,9836,2,025,3,066,3562867,98658897
45783,3739583333,40,4,72,18,27,68,11,4,219,25,0,36,6,9955,2,025,3,087,3562867,98658897
45783,3740162037,40,44,72,14,28,82,11,44,219,25,0,36,6,9802,2,025,3,078,3562896,98659462
45783,3740740741,40,49,72,12,31,13,11,48,219,25,0,36,7,0244,2,025,3,081,3562923,98660042
45783,3741319445,40,53,72,1,30,43,11,52,219,25,0,36,6,7354,2,025,3,045,3562738,98660225
45783,3741898148,40,57,72,08,30,11,11,56,219,25,0,36,6,7898,2,025,3,081,3562400,98660271
45783,3742476852,40,59,72,07,29,77,11,6,235,77,0,36,6,8799,2,025,3,042,3561716,98660332
45783,3743055556,40,63,72,03,31,25,11,65,254,71,0,34,6,7405,2,025,3,063,3561420,98660347
45783,3743634259,40,65,72,01,30,41,11,69,276,62,0,3,6,8272,2,475,3,087,3560853,98660355
45783,3744212963,40,69,72,32,06,11,74,276,62,0,32,6,9751,2,25,3,072,3559823,98660431
45783,3744791667,40,72,71,99,32,49,11,78,254,71,0,34,6,9513,2,025,3,12,3559181,98660423
45783,374537037,40,74,71,98,30,84,11,82,276,62,0,32,6,9377,2,25,3,057,3558680,98660461
45783,3745949074,40,77,71,96,32,15,11,87,302,23,0,3,6,9309,2,475,3,078,3558443,98660469
45783,3746527778,40,82,71,92,31,78,11,91,302,23,0,32,6,97,2,475,3,096,3558233,98660477
45783,3747106482,40,85,71,88,32,46,11,96,254,71,0,34,7,0244,2,25,3,108,3557599,98660500
45783,3747685185,40,88,71,86,31,35,12,254,71,0,34,7,0499,2,025,3,081,3556912,98660522
45783,3748263889,40,92,71,83,33,54,12,05,254,71,0,34,7,1553,2,025,3,099,3556482,98660255
45783,3748842593,40,93,71,79,32,98,12,09,235,77,0,34,7,2947,2,025,3,12,3556476,98659302
45783,3749421296,40,97,71,77,32,83,12,14,235,77,0,34,7,2913,2,025,3,12,3556466,98658615
45783,375,41,02,71,74,30,9,12,18,235,77,0,34,7,2369,2,025,3,135,3556449,98657951
45783,3750578704,41,07,71,7,31,82,12,23,235,77,0,34,7,2471,2,025,3,117,3556465,98657349
45783,3751157407,41,11,71,65,31,03,12,27,235,77,0,34,7,3185,2,025,3,123,3556463,98656624
45783,3751736111,41,15,71,62,32,66,12,32,235,77,0,34,7,5293,2,025,3,153,3556448,98656281
45783,3752314815,41,17,71,57,34,06,12,36,235,77,0,36,7,4001,2,025,3,156,3556447,98655510
45783,3752893518,41,2,71,54,36,28,12,41,219,25,0,36,7,3797,2,025,3,156,3556466,98654793
45783,3753472222,41,23,71,52,37,7,12,46,219,25,0,36,7,3372,2,025,3,147,3556463,98654228
45783,3754050926,41,27,71,51,39,48,12,52,204,72,0,36,7,3321,2,025,3,111,3556444,98653107
45783,375462963,41,29,71,48,39,07,12,57,204,72,0,36,7,3202,2,025,3,114,3556738,98652969
45783,3755208333,41,34,71,45,37,51,12,62,219,25,0,34,7,2131,2,025,3,102,3557306,98652969
45783,3755787037,41,36,71,44,34,88,12,67,235,77,0,34,7,2607,2,025,3,126,3557981,98652985
45783,3756365741,41,38,71,4,34,58,12,72,235,77,0,36,6,9887,2,025,3,087,3558482,98652985
45783,3756944444,41,43,71,37,35,74,12,77,235,77,0,34,7,0703,2,025,3,12,3559006,98652992
45783,3757523148,41,48,71,33,35,11,12,82,235,77,0,34,7,021,2,025,3,138,3559290,98653030
45783,3758101852,41,52,71,31,34,47,12,87,235,77,0,34,7,0737,2,025,3,111,3559823,98653076
45783,3758680555,41,55,71,28,33,68,12,92,235,77,0,36,7,1213,2,025,3,093,3560692,98653107
45783,3759259259,41,58,71,27,30,68,12,96,219,25,0,36,7,2369,2,025,3,102,3561113,98653099
45783,3759837963,41,62,71,26,29,19,13,219,25,0,36,7,1655,2,025,3,117,3561651,98653130
45783,3760416667,41,64,71,24,26,35,13,04,219,25,0,36,7,1791,2,025,3,099,3562450,98653305
45783,376099537,41,68,71,19,25,91,13,07,204,72,0,36,7,293,2,025,3,156,3562459,98653496
45783,3761574074,41,71,71,15,25,47,13,11,204,72,0,36,7,2879,2,025,3,144,3562504,98653854
45783,3762152778,41,75,71,14,23,04,13,14,219,25,0,36,7,4851,2,025,3,153,3562485,98654259
45783,3762731481,41,76,71,11,22,67,13,17,219,25,0,34,7,3049,2,025,3,15,3562487,98654472
45783,3763310185,41,78,71,06,22,02,13,2,204,72,0,34,7,3117,2,025,3,186,3562473,98655266
45783,3763888889,41,82,71,01,21,72,13,23,204,72,0,36,7,4409,2,025,3,15,3562488,98655701
45783,3764467593,41,86,70,97,22,44,13,26,219,25,0,36,7,327,2,025,3,126,3562564,98655891
45783,3765046296,41,89,70,93,21,13,29,204,72,0,36,7,2386,2,025,3,123,3562799,98656227
45783,3765625,41,92,70,92,21,07,13,32,204,72,0,36,7,3253,2,025,3,129,3562807,98656693
45783,3766203704,41,97,70,88,19,64,13,35,219,25,0,34,7,3508,2,025,3,147,3562809,98657097
45783,3766782407,42,02,70,87,18,94,13,37,219,25,0,36,7,2777,2,025,3,138,3562810,98657303
45783,3767361111,42,04,70,86,20,4,13,4,219,25,0,36,7,1757,2,025,3,126,3562834,98657539
45783,3767939815,42,08,70,82,,13,43,235,77,0,34,7,1655,2,025,3,126,3562844,98657761
45783,3768518519,42,13,70,79,21,17,13,46,219,25,0,34,7,2726,2,025,3,126,3562857,98658218
45783,3769097222,42,15,70,76,20,85,13,49,219,25,0,36,7,2029,2,025,3,132,3562894,98658676
45783,3769675926,42,18,70,75,19,61,13,51,219,25,0,34,6,9598,2,025,3,117,3562911,98659073
45783,377025463,42,21,70,73,17,12,13,54,204,72,0,36,7,0635,2,025,3,105,3562939,98659637
45783,3770833333,42,23,70,72,15,32,13,56,204,72,0,36,7,0278,2,025,3,075,3562909,98659950
45783,3771412037,42,26,70,7,14,45,13,58,219,25,0,36,6,9836,2,025,3,102,3562878,98660095
45783,3771990741,42,29,70,67,13,38,13,6,204,72,0,36,6,9428,2,025,3,12,3562634,98660217
45783,3772569444,42,33,70,64,14,68,13,62,219,25,0,36,6,8867,2,025,3,099,3562590,98660248
45783,3773148148,42,35,70,62,16,25,13,64,219,25,0,36,6,8799,2,025,3,102,3562767,98660278
45783,3773726852,42,38,70,58,19,03,13,67,219,25,0,36,7,1978,2,025,3,126,3562971,98660263
45783,3774305556,42,42,70,57,20,82,13,7,219,25,0,36,7,1944,2,025,3,18,3563026,98660110
45783,3774884259,42,45,70,55,20,37,13,72,219,25,0,36,7,2046,2,025,3,12,3563018,98659981
45783,3775462963,42,5,70,51,21,7,13,75,219,25,0,36,7,089,2,025,3,12,3563009,98659752
45783,3776041667,42,54,70,48,19,73,13,78,235,77,0,34,7,1179,2,025,3,105,3563003,98659462
45783,377662037,42,57,70,46,18,32,13,8,235,77,0,36,7,0669,2,025,3,108,3563007,98658943
45783,3777199074,42,62,70,43,18,1,13,83,235,77,0,34,7,072,2,025,3,096,3563005,98658699
45783,3777777778,42,66,70,41,20,23,13,86,235,77,0,34,7,1264,2,025,3,102,3563008,98658401
45783,3778356481,42,71,70,38,20,32,13,89,235,77,0,34,7,1145,2,025,3,114,3563006,98658180
45783,3778935185,42,74,70,36,20,32,13,91,235,77,0,34,7,2029,2,025,3,114,3563008,98657959
45783,3779513889,42,77,70,33,20,41,13,94,235,77,0,34,7,1281,2,025,3,117,3563007,98657608
45783,3780092593,42,8,70,31,22,64,13,97,219,25,0,36,7,0992,2,025,3,111,3563007,98657608
45783,3780671296,42,83,70,3,22,85,14,235,77,0,36,7,0006,2,025,3,105,3563001,98657364
45783,378125,42,87,70,27,,14,04,219,25,0,34,6,817,2,025,3,093,3562998,98657242
45783,3781828704,42,9,70,25,25,71,14,07,219,25,0,36,6,647,2,025,3,102,3563004,98657028
45783,3782407407,42,93,70,24,23,76,14,11,219,25,0,36,6,9292,2,025,3,12,3562989,98656677
45783,3782986111,42,96,70,22,23,66,14,14,219,25,0,34,6,817,2,025,3,102,3562990,98656425
45783,3783564815,43,70,19,25,09,14,18,219,25,0,34,6,7592,2,025,3,108,3562965,98656265
45783,3784143518,43,01,70,15,26,96,14,21,219,25,0,34,6,6521,2,025,3,072,3562886,98656158
45783,3784722222,43,06,70,12,27,97,14,25,235,77,0,34,6,7235,2,025,3,072,3562703,98656082
45783,3785300926,43,11,70,1,28,05,14,29,235,77,0,34,6,6674,2,025,3,06,3562695,98655960
45783,378587963,43,13,70,06,26,77,14,33,245,77,0,34,6,681,2,025,3,069,3562681,98655647
45783,3786458333,43,14,70,04,26,55,14,36,235,77,0,34,6,6946,2,025,3,084,3562666,98655136
45783,3787037037,43,16,70,03,24,06,14,4,225,77,0,34,6,7422,2,025,3,081,3562660,98654930
45783,3787615741,43,17,70,22,92,14,43,235,77,0,34,6,7575,2,025,3,078,3562646,98654716
45783,3788194444,43,18,69,99,21,27,14,46,235,77,0,34,6,7388,2,025,3,093,3556310,98653763
45783,3788773148,43,21,69,97,24,18,14,49,235,77,0,34,6,8051,2,025,3,123,3556313,98653763
45783,3789351852,43,23,69,94,22,3,14,52,235,77,0,34,6,8629,2,025,3,111,3556317,98653763
45783,3789930556,43,25,69,89,19,86,14,55,235,77,0,34,6,868,2,025,3,114,3556317,98653763
45783,3790509259,43,27,69,85,17,98,14,58,235,77,0,34,6,8204,2,025,3,114,3556299,98653763
45783,3791087963,43,31,69,82,17,54,14,6,235,77,0,34,6,8085,2,025,3,096,3556296,98653755
45783,3791666667,43,35,69,8,18,39,14,63,219,25,0,34,6,7133,2,025,3,084,3556278,98653770
45783,379224537,43,39,69,79,19,16,14,65,235,77,0,34,6,6402,2,025,3,075,3556251,98653763
45783,3792824074,43,43,69,75,18,42,14,68,235,77,0,34,6,5093,2,025,3,072,3556265,98653748
45783,3793402778,43,45,69,71,17,1,14,7,235,77,0,34,6,7422,2,025,3,06,3556252,98653740
45783,3793981482,43,47,69,69,18,64,14,73,235,77,0,34,6,8119,2,025,3,105,3556230,98653717
45783,3794560185,43,49,69,66,17,99,14,76,219,25,0,34,6,7167,2,025,3,096,3556221,98653725
45783,3795138889,43,54,69,62,20,99,14,78,219,25,0,34,6,6725,2,025,3,141,3556207,98653732
45783,3795717593,43,57,69,59,18,93,14,81,235,77,0,34,6,9003,2,025,3,111,3556238,98653831
45783,3796296296,43,61,69,58,17,01,14,83,219,25,0,34,6,8323,2,025,3,123,3556220,98653778
45783,3796875,43,63,69,55,17,55,14,86,219,25,0,34,6,868,2,025,3,105,3556209,98653763
45783,3797453704,43,68,69,53,15,77,14,88,235,77,0,34,6,7847,2,025,3,132,3556213,98653763
45783,3798032407,43,71,69,51,14,39,14,9,235,77,0,34,6,732,2,025,3,09,3556276,98653793
45783,3798611111,43,72,69,47,14,46,14,92,235,77,0,34,6,6504,2,025,3,105,3556274,98653786
45783,3799189815,43,75,69,45,15,59,14,94,235,77,0,34,6,6844,2,025,3,087,3556280,98653778
45783,3799768519,43,78,69,43,15,27,14,96,235,77,0,34,6,7966,2,025,3,132,3556284,98653770
45783,3800347222,43,81,69,41,14,42,14,98,235,77,0,34,6,8799,2,025,3,105,3556283,98653770
45783,3800925926,43,84,69,38,11,58,15,235,77,0,34,7,0159,2,025,3,102,3556285,98653770
45783,380150463,43,89,69,34,14,58,15,02,235,77,0,34,6,9649,2,025,3,108,3556288,98653763
45783,3802083333,43,94,69,31,14,83,15,04,219,25,0,36,6,8561,2,025,3,102,3556286,98653763
45783,3802662037,43,96,69,28,15,78,15,06,219,25,0,34,6,7728,2,025,3,084,3556284,98653755
45783,3803240741,44,69,23,18,78,15,09,219,25,0,36,6,7762,2,025,3,069,3556282,98653748
45783,3803819444,44,02,69,2,17,03,15,11,235,77,0,36,6,7252,2,025,3,096,3556276,98653748
45783,3804398148,44,07,69,19,18,39,15,14,219,25,0,34,6,8204,2,025,3,123,3556277,98653740
45783,3804976852,44,1,69,14,19,07,15,16,235,77,0,34,6,6487,2,025,3,108,3556286,98653740
45783,3805555556,44,11,69,12,17,62,15,19,235,77,0,34,6,8425,2,025,3,09,3556288,98653740
45783,3806134259,44,14,69,07,14,62,15,21,235,77,0,34,6,732,2,025,3,105,3556290,98653740
45783,3806712963,44,16,69,05,11,62,15,22,235,77,0,34,6,7252,2,025,3,078,3556282,98653732
45783,3807291667,44,17,69,01,14,46,15,24,235,77,0,34,6,596,2,025,3,084,3556277,98653732
45783,380787037,44,19,,11,46,15,26,235,77,0,34,6,6504,2,025,3,09,3556281,98653725
45783,3808449074,44,24,68,97,10,88,15,28,235,77,0,34,6,6062,2,025,3,087,3556283,98653717
45783,3809027778,44,27,68,92,8,44,15,29,219,25,0,34,6,7609,2,025,3,102,3556285,98653725
45783,3809606481,44,31,68,9,8,34,15,3,219,25,0,34,6,5331,2,025,3,096,3556279,98653717
45783,3810185185,44,34,68,85,10,28,15,31,219,25,0,34,6,3835,2,025,3,09,3556277,98653717
45783,3810763889,44,38,68,8,8,06,15,32,219,25,0,34,6,2934,2,025,3,048,3556276,98653709
45783,3811342593,44,4,68,76,8,11,15,34,219,25,0,34,6,3189,2,025,3,078,3556280,98653717
45783,3811921296,44,41,68,73,9,11,15,35,219,25,0,34,6,2067,2,025,3,054,3556284,98653732
45783,38125,44,45,68,72,9,12,15,36,219,25,0,34,6,2798,2,025,3,063,3556288,98653740
45783,3813078704,44,5,68,68,9,68,15,37,219,25,0,34,6,3733,2,025,3,018,3556292,98653748
45783,3813657407,44,55,68,63,7,6,15,38,219,25,0,36,6,1863,2,025,3,042,3556220,98653709
45783,3814236111,44,6,68,61,5,76,15,39,219,25,0,34,6,4192,2,025,3,09,3556223,98653687
45783,3814814815,44,63,68,56,5,72,15,4,219,25,0,34,6,6096,2,025,3,09,3556227,98653694
45783,3815393519,44,66,68,51,3,5,15,41,219,25,0,34,6,4991,2,025,3,087,3556230,98653687
45783,3815972222,44,68,68,49,4,12,15,41,219,25,0,34,6,6164,2,025,3,093,3556242,98653709
45783,3816550926,44,7,68,46,3,58,15,42,219,25,0,34,6,4396,2,025,3,063,3556260,98653709
45783,381712963,44,73,68,42,4,48,15,42,219,25,0,36,6,3036,2,025,3,081,3556260,98653709
45783,3817708333,44,76,68,4,3,24,15,43,219,25,0,36,6,4566,2,025,3,069,3556270,98653717
45783,3818287037,44,8,68,35,5,24,15,44,219,25,0,34,6,3869,2,025,3,051,3556272,98653717
45783,3818865741,44,83,68,33,4,65,15,44,235,77,0,34,6,3053,2,025,3,051,3556305,98653793
45783,3819444445,44,86,68,32,3,54,15,45,235,77,0,34,6,4872,2,025,3,084,3556300,98653793
45783,3820023148,44,89,68,31,0,61,15,45,219,25,0,34,6,4498,2,025,3,093,3556266,98653778
45783,3820601852,44,92,68,3,0,15,45,235,77,0,34,6,3716,2,025,3,069,3556269,98653778
45783,3821180556,44,96,68,26,2,12,15,45,235,77,0,36,6,273,2,025,3,054,3556305,98653763
45783,3821759259,45,68,23,3,04,15,45,219,25,0,34,6,3495,2,025,3,063,3556329,98653770
45783,3822337963,45,68,19,4,13,15,46,235,77,0,36,6,4345,2,025,3,072,3556340,98653732
45783,3822916667,45,68,15,3,41,15,46,235,77,0,34,6,3869,2,025,3,048,3556367,98653755
45783,382349537,45,68,14,6,08,15,47,235,77,0,36,6,3325,2,025,3,063,3556308,98653748
45783,3824074074,45,68,09,5,88,15,48,235,77,0,36,6,3376,2,025,3,057,3556284,98653748
45783,3824652778,45,68,08,5,96,15,49,219,25,0,36,6,273,2,025,3,087,3556288,98653748
45783,3825231482,45,68,05,8,53,15,5,219,25,0,36,6,2832,2,025,3,087,3556294,98653748
45783,3825810185,45,68,6,59,15,51,219,25,0,36,6,4056,2,025,3,06,3556310,98653755
45783,3826388889,45,67,95,5,99,15,52,219,25,0,36,6,5603,2,025,3,09,3556323,98653748
45783,3826967593,45,67,9,6,74,15,53,219,25,0,36,6,4379,1,85,3,087,3556321,98653748
45783,3827546296,45,67,86,4,08,15,53,219,25,0,36,6,4226,2,025,3,057,3556344,98653763
45783,3828125,45,67,82,3,63,15,54,219,25,0,36,6,2798,2,025,3,078,3556352,98653755
45783,3828703704,45,67,8,2,99,15,54,219,25,0,36,6,2679,1,85,3,063,3556354,98653755
45783,3829282407,45,67,76,3,21,15,55,219,25,0,36,6,2849,2,025,3,054,3556365,98653763
45783,3829861111,45,67,72,2,32,15,55,219,25,0,36,6,2373,1,85,3,06,3556395,98653709
45783,3830439815,45,67,69,1,12,15,55,219,25,0,36,6,2662,1,85,3,042,3556369,98653702
45783,3831018518,45,67,67,1,69,15,55,219,25,0,36,6,3393,1,85,3,063,3556391,98653709
45783,3831597222,45,67,64,1,57,15,56,219,25,0,36,6,3886,2,025,3,06,3556369,98653717
45783,3832175926,45,67,62,2,15,56,219,25,0,36,6,3937,2,025,3,093,3556332,98653732
45783,383275463,45,67,57,4,19,15,56,219,25,0,36,6,4294,1,85,3,057,3556303,98653732
45783,3833333333,45,67,55,2,38,15,57,219,25,0,36,6,3648,2,025,3,075,3556295,98653732
45783,3833912037,45,67,52,4,74,15,57,219,25,0,36,6,3172,2,025,3,072,3556303,98653732
45783,3834490741,45,67,49,4,28,15,58,219,25,0,36,6,2271,1,85,3,063,3556314,98653748
45783,3835069444,45,67,44,3,73,15,58,219,25,0,36,6,3444,2,025,3,075,3556610,98652924
45783,3835648148,45,67,41,4,85,15,59,219,25,0,36,6,256,2,025,3,057,3557059,98652916
45783,3836226852,45,67,38,3,95,15,6,235,77,0,36,6,2611,2,025,3,051,3557053,98652916
45783,3836805555,45,67,36,5,54,15,6,235,77,0,36,6,3104,2,025,3,045,3557048,98652916
45783,3837384259,45,67,34,3,12,15,61,219,25,0,36,6,4294,2,025,3,066,3557127,98652924
45783,3837962963,45,67,3,2,4,15,61,219,25,0,36,6,392,2,025,3,069,3557510,98652954
45783,3838541667,45,67,28,2,57,15,62,219,25,0,36,6,2781,2,025,3,069,3558015,98652977
45783,383912037,45,67,25,0,4,15,62,219,25,0,36,6,2815,2,025,3,087,3558547,98652977
45783,3839699074,45,67,21,0,15,62,219,25,0,36,6,3376,2,025,3,033,3559538,98653053
45783,3840277778,45,67,19,1,68,15,62,235,77,0,36,6,3002,2,025,3,048,3560076,98652847
45783,3840856481,45,67,14,0,84,15,62,254,71,0,34,6,4192,2,025,3,054,3560477,98652855
45783,3841435185,45,67,11,0,15,62,276,62,0,3,6,3716,2,475,3,096,3560714,98652969
45783,3842013889,45,67,1,1,45,15,62,276,62,0,32,6,4277,2,25,3,084,3561153,98653015
45783,3842592593,45,67,08,2,07,15,62,254,71,0,34,6,3699,2,025,3,045,3561618,98653030
45783,3843171296,45,67,05,0,15,62,276,62,0,32,6,2322,2,25,3,051,3562094,98653046
45783,384375,45,67,03,0,15,62,222,23,0,3,6,3223,2,475,3,075,3562336,98653053
45783,3844328704,45,66,99,0,8,15,63,222,23,0,32,6,3223,2,475,3,057,3562952,98653091
45783,3844907407,45,66,95,0,15,63,254,71,0,34,6,3104,2,25,3,069,3562946,98653152
45783,3845486111,45,66,93,1,29,15,63,254,71,0,34,6,3121,2,025,3,069,3562673,98653122
45783,3846064815,45,66,88,0,15,63,254,71,0,34,6,4328,2,025,3,12,3562652,98653114
45783,3846643519,45,66,86,0,15,63,235,77,0,34,6,5229,2,025,3,09,3562660,98653114
45783,3847222222,45,66,85,1,83,15,63,235,77,0,34,6,5824,2,025,3,093,3562662,98653122
45783,3847800926,45,66,81,1,48,15,63,235,77,0,34,6,5926,2,025,3,096,3562660,98653107
45783,384837963,45,66,8,1,56,15,64,235,77,0,34,6,5807,2,025,3,072,3562661,98653099
45783,3848958333,45,66,78,3,46,15,64,235,77,0,34,6,4294,2,025,3,087,3562665,98653099
45783,3849537037,45,,5,47,15,65,235,77,0,34,6,6062,2,025,3,108,3562667,98653099
45783,3850115741,45,66,72,6,09,15,66,235,77,0,36,6,6504,2,025,3,12,3562666,98653099
45783,3850694444,45,66,68,6,05,15,66,219,25,0,36,6,6844,2,025,3,102,3562662,98653091
45783,3851273148,45,66,63,5,56,15,67,219,25,0,36,6,4311,2,025,3,09,3562653,98653122
45783,3851851852,45,66,61,4,42,15,68,204,72,0,36,6,3886,2,025,3,042,3562655,98653130
45783,3852430556,45,66,59,4,74,15,68,204,72,0,36,6,4294,2,025,3,063,3562673,98653137
45783,3853009259,45,66,57,3,49,15,69,219,25,0,34,6,5042,2,025,3,069,3562683,98653137
45783,3853587963,45,66,55,4,46,15,7,235,77,0,34,6,647,2,025,3,12,3562628,98653137
45783,3854166667,45,66,52,4,4,15,7,235,77,0,36,6,6164,2,025,3,09,3562530,98653168
45783,385474537,45,66,51,3,9,15,71,235,77,0,34,6,4549,2,025,3,114,3562523,98653282
45783,3855324074,45,66,48,4,47,15,71,235,77,0,34,6,4549,2,025,3,096,3562420,98653671
45783,3855902778,45,66,44,5,23,15,72,235,77,0,34,6,4736,2,025,3,078,3562422,98653923
45783,3856481481,45,66,4,5,13,15,73,235,77,0,36,6,4107,2,025,3,075,3562424,98654297
45783,3857060185,45,66,36,5,38,15,73,219,25,0,36,6,4311,2,025,3,069,3562402,98654900
45783,3857638889,45,66,32,4,85,15,74,219,25,0,36,6,3478,2,025,3,093,3562443,98655441
45783,3858217593,45,66,28,4,42,15,75,219,25,0,36,6,4974,2,025,3,084,3562909,98656471
45783,3858796296,45,66,27,5,88,15,76,204,72,0,36,6,5688,2,025,3,117,3562873,98656548
45783,3859375,45,66,26,8,88,15,77,204,72,0,36,6,6164,2,025,3,078,3562822,98656799
45783,3859953704,45,66,22,8,11,15,78,219,25,0,36,6,7473,2,025,3,12,3562825,98657082
45783,3860532407,45,66,2,8,73,15,79,219,25,0,34,6,7286,2,025,3,087,3562828,98657349
45783,3861111111,45,66,16,9,38,15,8,204,72,0,34,6,7677,2,025,3,123,3562845,98657539
45783,3861689815,45,66,12,8,72,15,82,204,72,0,36,6,715,2,025,3,129,3562833,98657784
45783,3862268518,45,66,11,7,81,15,83,219,25,0,36,6,715,2,025,3,102,3562867,98658897
45783,3862847222,45,66,08,7,75,15,84,204,72,0,36,6,7473,2,025,3,099,3562867,98658897
45783,3863425926,45,66,05,6,83,15,85,204,72,0,36,6,5909,2,025,3,081,3562896,98659462
45783,386400463,45,66,01,8,64,15,86,219,25,0,34,6,5501,2,025,3,078,3562923,98660042
45783,3864583333,45,65,97,9,27,15,87,219,25,0,36,6,4872,2,025,3,069,3562738,98660225
45783,3865162037,45,65,96,9,67,15,88,219,25,0,36,6,4923,2,025,3,066,3562400,98660271
45783,3865740741,45,65,93,9,14,15,9,235,77,0,34,6,596,2,025,3,093,3561716,98660332
45783,3866319444,45,65,89,9,46,15,91,219,25,0,34,6,613,2,025,3,096,3561420,98660347
45783,3866898148,45,65,86,8,53,15,92,219,25,0,36,6,4668,2,025,3,069,3560853,98660355
45783,3867476852,45,65,82,7,78,15,93,219,25,0,34,6,4243,2,025,3,084,3559823,98660431
45783,3868055556,45,65,79,9,12,15,95,204,72,0,36,6,4855,2,025,3,069,3559181,98660423
45783,3868634259,45,65,75,9,25,15,96,204,72,0,36,6,5722,2,025,3,105,3558680,98660461
45783,3869212963,45,65,72,12,25,15,98,219,25,0,36,6,7201,2,025,3,09,3558443,98660469
45783,3869791667,45,65,7,10,54,15,99,204,72,0,36,6,7048,2,025,3,117,3558233,98660477
45783,387037037,45,65,69,8,17,16,219,25,0,36,6,698,2,025,3,141,3557599,98660500
45783,3870949074,45,65,67,8,81,16,01,219,25,0,36,6,7677,2,025,3,123,3556912,98660522
45783,3871527778,45,65,66,8,39,16,03,219,25,0,36,6,7779,2,025,3,102,3556482,98660255
45783,3872106482,45,65,61,9,32,16,04,219,25,0,36,6,7626,2,025,3,096,3556476,98659302
45783,3872685185,45,65,58,6,7,16,05,219,25,0,36,6,8136,2,025,3,126,3556466,98658615
45783,3873263889,45,65,56,8,04,16,06,219,25,0,36,6,8204,2,025,3,123,3556449,98657951
45783,3873842593,45,65,52,8,46,16,07,235,77,0,34,6,9428,2,025,3,129,3556465,98657349
45783,3874421296,45,65,49,6,92,16,08,235,77,0,36,6,868,2,025,3,135,3556463,98656624
45783,3875,45,65,47,4,51,16,09,235,77,0,34,7,0023,2,025,3,144,3556448,98656281
